{
  "PXL_20251029_073632657.RAW-02.ORIGINAL.jpg": {
    "scale": 1.332473359905128,
    "rot": 0.5620615875051673,
    "tx": 236.5550689680606,
    "ty": 28.47422184287649
  },
  "PXL_20251110_080757847.RAW-02.ORIGINAL.jpg": {
    "scale": 1.5009635754830244,
    "rot": -1.0470274358504397,
    "tx": 264.32761272685065,
    "ty": -487.9393245793282
  },
  "PXL_20260119_074009871.RAW-02.ORIGINAL.jpg": {
    "scale": 1.1300076657191156,
    "rot": 1.5353545303920697,
    "tx": -112.01635251415837,
    "ty": 149.76754141888068
  },
  "PXL_20260126_075038792.RAW-02.ORIGINAL.jpg": {
    "scale": 0.7667404517556603,
    "rot": -1.141323642675161,
    "tx": 425.93548092952375,
    "ty": 250.82354881426926
  },
  "PXL_20260126_075128443.RAW-02.ORIGINAL.jpg": {
    "scale": 0.7707341329521596,
    "rot": -0.1343273537487492,
    "tx": 513.8548932225037,
    "ty": 320.72446227750095
  },
  "PXL_20260126_075151285.RAW-02.ORIGINAL.jpg": {
    "scale": 0.7567731506345138,
    "rot": 0.5979074681105342,
    "tx": 551.4540637707628,
    "ty": 487.11517260020554
  },
  "PXL_20260126_075217158.RAW-02.ORIGINAL.jpg": {
    "scale": 0.7609172449215212,
    "rot": 1.288918523131305,
    "tx": 553.9668688193092,
    "ty": 391.2429944901041
  },
  "PXL_20260126_075241927.RAW-02.ORIGINAL.jpg": {
    "scale": 0.7609172449215212,
    "rot": 1.288918523131305,
    "tx": 438.9668688193092,
    "ty": 319.2429944901041
  },
  "PXL_20260126_075326984.RAW-02.ORIGINAL.jpg": {
    "scale": 0.7636727366440801,
    "rot": 0.40155335639547407,
    "tx": 515.7627164076673,
    "ty": 275.9506189139868
  },
  "PXL_20260126_075344420.RAW-02.ORIGINAL.jpg": {
    "scale": 0.7644590952996935,
    "rot": 0.4574163423441895,
    "tx": 591.4093336856938,
    "ty": 305.6630580312797
  }
}